{
    "reco-eff": {
       "pt:[10.0,20.0]": {
            "eta:[-2.5,-2.0]": {
                "value": 1.042303204536438, 
                "error": 0.014247186431236363
            }, 
            "eta:[-2.0,-1.566]": {
                "value": 0.9743863344192505, 
                "error": 0.010292049905008491
            }, 
            "eta:[-1.566,-1.444]": {
                "value": 1.4277286529541016, 
                "error": 0.11635102313730454
            }, 
            "eta:[-1.444,-1.0]": {
                "value": 0.9893503785133362, 
                "error": 0.018991005857430264
            }, 
            "eta:[-1.0,0.0]": {
                "value": 0.9819532632827759, 
                "error": 0.022644085995436793
            }, 
            "eta:[0.0,1.0]": {
                "value": 0.9819532632827759, 
                "error": 0.022644085995436793
            }, 
            "eta:[1.0,1.444]": {
                "value": 0.9893503785133362, 
                "error": 0.018991005857430264
            }, 
            "eta:[1.444,1.566]": {
                "value": 1.4277286529541016, 
                "error": 0.11635102313730454
            }, 
            "eta:[1.566,2.0]": {
                "value": 0.9743863344192505, 
                "error": 0.010292049905008491
            }, 
            "eta:[2.0,2.5]": {
                "value": 1.042303204536438, 
                "error": 0.014247186431236363
            }
        },
        "pt:[20.0,45.0]": {
            "eta:[-2.5,-2.0]": {
                "value": 1.0164114236831665, 
                "error": 0.003944804458932158
            }, 
            "eta:[-2.0,-1.566]": {
                "value": 0.9979252815246582, 
                "error": 0.0027445553019342247
            }, 
            "eta:[-1.566,-1.444]": {
                "value": 0.9907727837562561, 
                "error": 0.07986844118691615
            }, 
            "eta:[-1.444,-1.0]": {
                "value": 0.9917864203453064, 
                "error": 0.002716377116082744
            }, 
            "eta:[-1.0,-0.5]": {
                "value": 0.9867211580276489, 
                "error": 0.0025020324236804696
            }, 
            "eta:[-0.5,0.0]": {
                "value": 0.983589768409729, 
                "error": 0.002713591088271377
            }, 
            "eta:[0.0,0.5]": {
                "value": 0.983589768409729, 
                "error": 0.002713591088271377
            }, 
            "eta:[0.5,1.0]": {
                "value": 0.9867211580276489, 
                "error": 0.0025020324236804696
            }, 
            "eta:[1.0,1.444]": {
                "value": 0.9917864203453064, 
                "error": 0.002716377116082744
            }, 
            "eta:[1.444,1.566]": {
                "value": 0.9907727837562561, 
                "error": 0.07986844118691615
            }, 
            "eta:[1.566,2.0]": {
                "value": 0.9979252815246582, 
                "error": 0.0027445553019342247
            }, 
            "eta:[2.0,2.5]": {
                "value": 1.0164114236831665, 
                "error": 0.003944804458932158
            }
        }, 
        "pt:[45.0,75.0]": {
            "eta:[-2.5,-2.0]": {
                "value": 1.0021276473999023, 
                "error": 0.006382978723404163
            }, 
            "eta:[-2.0,-1.566]": {
                "value": 0.9969072341918945, 
                "error": 0.004493710251072863
            }, 
            "eta:[-1.566,-1.444]": {
                "value": 0.9622437953948975, 
                "error": 0.022985194986690976
            }, 
            "eta:[-1.444,-1.0]": {
                "value": 0.9918450713157654, 
                "error": 0.005296791460455286
            }, 
            "eta:[-1.0,-0.5]": {
                "value": 0.9878172874450684, 
                "error": 0.003516854431611936
            }, 
            "eta:[-0.5,0.0]": {
                "value": 0.9867616891860962, 
                "error": 0.003527598386087329
            }, 
            "eta:[0.0,0.5]": {
                "value": 0.9867616891860962, 
                "error": 0.003527598386087329
            }, 
            "eta:[0.5,1.0]": {
                "value": 0.9878172874450684, 
                "error": 0.003516854431611936
            }, 
            "eta:[1.0,1.444]": {
                "value": 0.9918450713157654, 
                "error": 0.005296791460455286
            }, 
            "eta:[1.444,1.566]": {
                "value": 0.9622437953948975, 
                "error": 0.022985194986690976
            }, 
            "eta:[1.566,2.0]": {
                "value": 0.9969072341918945, 
                "error": 0.004493710251072863
            }, 
            "eta:[2.0,2.5]": {
                "value": 1.0021276473999023, 
                "error": 0.006382978723404163
            }
        }, 
        "pt:[75.0,100.0]": {
            "eta:[-2.5,-2.0]": {
                "value": 1.0180275440216064, 
                "error": 0.012229652804528948
            }, 
            "eta:[-2.0,-1.566]": {
                "value": 1.0154162645339966, 
                "error": 0.010680683294361018
            }, 
            "eta:[-1.566,-1.444]": {
                "value": 1.0328947305679321, 
                "error": 0.04414653977894156
            }, 
            "eta:[-1.444,-1.0]": {
                "value": 1.0081136226654053, 
                "error": 0.005554995512222781
            }, 
            "eta:[-1.0,-0.5]": {
                "value": 1.0050761699676514, 
                "error": 0.004652361111630296
            }, 
            "eta:[-0.5,0.0]": {
                "value": 0.9969450235366821, 
                "error": 0.006440484032929492
            }, 
            "eta:[0.0,0.5]": {
                "value": 0.9969450235366821, 
                "error": 0.006440484032929492
            }, 
            "eta:[0.5,1.0]": {
                "value": 1.0050761699676514, 
                "error": 0.004652361111630296
            }, 
            "eta:[1.0,1.444]": {
                "value": 1.0081136226654053, 
                "error": 0.005554995512222781
            }, 
            "eta:[1.444,1.566]": {
                "value": 1.0328947305679321, 
                "error": 0.04414653977894156
            }, 
            "eta:[1.566,2.0]": {
                "value": 1.0154162645339966, 
                "error": 0.010680683294361018
            }, 
            "eta:[2.0,2.5]": {
                "value": 1.0180275440216064, 
                "error": 0.012229652804528948
            }
        }, 
        "pt:[100.0,500.0]": {
            "eta:[-2.5,-2.0]": {
                "value": 0.9843096137046814, 
                "error": 0.01744072384992999
            }, 
            "eta:[-2.0,-1.566]": {
                "value": 1.0, 
                "error": 0.010152933031700203
            }, 
            "eta:[-1.566,-1.444]": {
                "value": 1.002176284790039, 
                "error": 0.04653624544144311
            }, 
            "eta:[-1.444,-1.0]": {
                "value": 0.9868819117546082, 
                "error": 0.006843925310923582
            }, 
            "eta:[-1.0,-0.5]": {
                "value": 0.9939393997192383, 
                "error": 0.005802588531856595
            }, 
            "eta:[-0.5,0.0]": {
                "value": 0.9858299493789673, 
                "error": 0.006864706460653108
            }, 
            "eta:[0.0,0.5]": {
                "value": 0.9858299493789673, 
                "error": 0.006864706460653108
            }, 
            "eta:[0.5,1.0]": {
                "value": 0.9939393997192383, 
                "error": 0.005802588531856595
            }, 
            "eta:[1.0,1.444]": {
                "value": 0.9868819117546082, 
                "error": 0.006843925310923582
            },