{
    "reco-eff": {
        "pt:[10.0,20.0]": {
            "eta:[-2.5,-2.0]": {
                "value": 0.982328474521637, 
                "error": 0.05956077900530883
            }, 
            "eta:[-2.0,-1.566]": {
                "value": 0.9885773658752441, 
                "error": 0.020108947799623158
            }, 
            "eta:[-1.566,-1.444]": {
                "value": 1.0, 
                "error": 0.030708696056431447
            }, 
            "eta:[-1.444,-1.0]": {
                "value": 0.9764705896377563, 
                "error": 0.082609503817444
            }, 
            "eta:[-1.0,0.0]": {
                "value": 0.9693121910095215, 
                "error": 0.05448451073801488
            }, 
            "eta:[0.0,1.0]": {
                "value": 0.9693121910095215, 
                "error": 0.05448451073801488
            }, 
            "eta:[1.0,1.444]": {
                "value": 0.9764705896377563, 
                "error": 0.082609503817444
            }, 
            "eta:[1.444,1.566]": {
                "value": 1.0, 
                "error": 0.030708696056431447
            }, 
            "eta:[1.566,2.0]": {
                "value": 0.9885773658752441, 
                "error": 0.020108947799623158
            }, 
            "eta:[2.0,2.5]": {
                "value": 0.982328474521637, 
                "error": 0.05956077900530883
            }
        },
        "pt:[20.0,45.0]": {
            "eta:[-2.5,-2.0]": {
                "value": 0.9774820804595947, 
                "error": 0.007579150216755907
            }, 
            "eta:[-2.0,-1.566]": {
                "value": 0.9816138744354248, 
                "error": 0.0026028685623240367
            }, 
            "eta:[-1.566,-1.444]": {
                "value": 0.9483516216278076, 
                "error": 0.013935198081327984
            }, 
            "eta:[-1.444,-1.0]": {
                "value": 0.9692623019218445, 
                "error": 0.005024120796293232
            }, 
            "eta:[-1.0,-0.5]": {
                "value": 0.9765545129776001, 
                "error": 0.004786138530432075
            }, 
            "eta:[-0.5,0.0]": {
                "value": 0.9703779220581055, 
                "error": 0.006817406266799283
            }, 
            "eta:[0.0,0.5]": {
                "value": 0.9703476428985596, 
                "error": 0.006817406266799283
            }, 
            "eta:[0.5,1.0]": {
                "value": 0.9724208116531372, 
                "error": 0.004786138530432075
            }, 
            "eta:[1.0,1.444]": {
                "value": 0.9699169993400574, 
                "error": 0.005024120796293232
            }, 
            "eta:[1.444,1.566]": {
                "value": 0.9579645991325378, 
                "error": 0.013935198081327984
            }, 
            "eta:[1.566,2.0]": {
                "value": 0.9795918464660645, 
                "error": 0.0026028685623240367
            }, 
            "eta:[2.0,2.5]": {
                "value": 0.9795918464660645, 
                "error": 0.007579150216755907
            }
        }, 
        "pt:[45.0,75.0]": {
            "eta:[-2.5,-2.0]": {
                "value": 0.9836734533309937, 
                "error": 0.0037067769293688633
            }, 
            "eta:[-2.0,-1.566]": {
                "value": 0.9817073345184326, 
                "error": 0.0038678380425920763
            }, 
            "eta:[-1.566,-1.444]": {
                "value": 0.9706190824508667, 
                "error": 0.013926947179863827
            }, 
            "eta:[-1.444,-1.0]": {
                "value": 0.9755351543426514, 
                "error": 0.004374809905436574
            }, 
            "eta:[-1.0,-0.5]": {
                "value": 0.9796954393386841, 
                "error": 0.0026376408237088977
            }, 
            "eta:[-0.5,0.0]": {
                "value": 0.9796541333198547, 
                "error": 0.0026430073360665237
            }, 
            "eta:[0.0,0.5]": {
                "value": 0.9776195287704468, 
                "error": 0.0026430073360665237
            }, 
            "eta:[0.5,1.0]": {
                "value": 0.9786801934242249, 
                "error": 0.0026376408237088977
            }, 
            "eta:[1.0,1.444]": {
                "value": 0.9773662686347961, 
                "error": 0.004374809905436574
            }, 
            "eta:[1.444,1.566]": {
                "value": 0.9639448523521423, 
                "error": 0.013954384552028447
            }, 
            "eta:[1.566,2.0]": {
                "value": 0.982741117477417, 
                "error": 0.0038678380425920763
            }, 
            "eta:[2.0,2.5]": {
                "value": 0.9837398529052734, 
                "error": 0.0037067769293688633
            }
        }, 
        "pt:[75.0,100.0]": {
            "eta:[-2.5,-2.0]": {
                "value": 0.9969512224197388, 
                "error": 0.015039277019256865
            }, 
            "eta:[-2.0,-1.566]": {
                "value": 0.9969543218612671, 
                "error": 0.007798117510526513
            }, 
            "eta:[-1.566,-1.444]": {
                "value": 1.0032292604446411, 
                "error": 0.040819128580965675
            }, 
            "eta:[-1.444,-1.0]": {
                "value": 0.9959016442298889, 
                "error": 0.007870026381012925
            }, 
            "eta:[-1.0,-0.5]": {
                "value": 0.9918946027755737, 
                "error": 0.00248175252561619
            }, 
            "eta:[-0.5,0.0]": {
                "value": 0.9919028282165527, 
                "error": 0.003920023629764595
            }, 
            "eta:[0.0,0.5]": {
                "value": 0.9919028282165527, 
                "error": 0.003920023629764595
            }, 
            "eta:[0.5,1.0]": {
                "value": 0.9918946027755737, 
                "error": 0.00248175252561619
            }, 
            "eta:[1.0,1.444]": {
                "value": 0.9959016442298889, 
                "error": 0.007870026381012925
            }, 
            "eta:[1.444,1.566]": {
                "value": 1.0032292604446411, 
                "error": 0.040819128580965675
            }, 
            "eta:[1.566,2.0]": {
                "value": 0.9969543218612671, 
                "error": 0.007798117510526513
            }, 
            "eta:[2.0,2.5]": {
                "value": 0.9969512224197388, 
                "error": 0.015039277019256865
            }
        }, 
        "pt:[100.0,500.0]": {
            "eta:[-2.5,-2.0]": {
                "value": 0.9899091720581055, 
                "error": 0.009626026250423273
            }, 
            "eta:[-2.0,-1.566]": {
                "value": 0.9898887872695923, 
                "error": 0.004849172419931973
            }, 
            "eta:[-1.566,-1.444]": {
                "value": 1.0095949172973633, 
                "error": 0.0491215609104829
            }, 
            "eta:[-1.444,-1.0]": {
                "value": 0.9847250580787659, 
                "error": 0.006277407334998962
            }, 
            "eta:[-1.0,-0.5]": {
                "value": 0.9878910183906555, 
                "error": 0.004943470722064944
            }, 
            "eta:[-0.5,0.0]": {
                "value": 0.9939332604408264, 
                "error": 0.0017513152756004832
            }, 
            "eta:[0.0,0.5]": {
                "value": 0.9939332604408264, 
                "error": 0.0017513152756004832
            }, 
            "eta:[0.5,1.0]": {
                "value": 0.9878910183906555, 
                "error": 0.004943470722064944
            }, 
            "eta:[1.0,1.444]": {
                "value": 0.9847250580787659, 
                "error": 0.006277407334998962
            },