{
    "reco-eff": {
        "pt:[10.0,20.0]": {
            "eta:[-2.5,-2.0]": {
                "value": 1.0199790000915527, 
                "error": 0.015055542653287438
            }, 
            "eta:[-2.0,-1.566]": {
                "value": 0.9833506941795349, 
                "error": 0.01778148542209684
            }, 
            "eta:[-1.566,-1.444]": {
                "value": 1.256778359413147, 
                "error": 0.06373601659549628
            }, 
            "eta:[-1.444,-1.0]": {
                "value": 1.030701756477356, 
                "error": 0.02117676306560084
            }, 
            "eta:[-1.0,-0.5]": {
                "value": 0.9712153673171997, 
                "error": 0.007151603339551567
            }, 
            "eta:[-0.5,0.0]": {
                "value": 0.9749727845191956, 
                "error": 0.021015460191325313
            }, 
            "eta:[0.0,0.5]": {
                "value": 0.9749727845191956, 
                "error": 0.021015460191325313
            }, 
            "eta:[0.5,1.0]": {
                "value": 0.9712153673171997, 
                "error": 0.007151603339551567
            }, 
            "eta:[1.0,1.444]": {
                "value": 1.030701756477356, 
                "error": 0.02117676306560084
            }, 
            "eta:[1.444,1.566]": {
                "value": 1.256778359413147, 
                "error": 0.06373601659549628
            }, 
            "eta:[1.566,2.0]": {
                "value": 0.9833506941795349, 
                "error": 0.01778148542209684
            }, 
            "eta:[2.0,2.5]": {
                "value": 1.0199790000915527, 
                "error": 0.015055542653287438
            }
        }, 
        "pt:[20.0,45.0]": {
            "eta:[-2.5,-2.0]": {
                "value": 0.986556351184845, 
                "error": 0.00145795212615783
            }, 
            "eta:[-2.0,-1.566]": {
                "value": 0.9866392612457275, 
                "error": 0.0014527103876457062
            }, 
            "eta:[-1.566,-1.444]": {
                "value": 0.9860950112342834, 
                "error": 0.0025985682481113183
            }, 
            "eta:[-1.444,-1.0]": {
                "value": 0.987525999546051, 
                "error": 0.0014716062043424506
            }, 
            "eta:[-1.0,-0.5]": {
                "value": 0.991769552230835, 
                "error": 0.001457200991626064
            }, 
            "eta:[-0.5,0.0]": {
                "value": 0.9896801114082336, 
                "error": 0.0014617194443132765
            }, 
            "eta:[0.0,0.5]": {
                "value": 0.9968944191932678, 
                "error": 0.0014617194443132765
            }, 
            "eta:[0.5,1.0]": {
                "value": 0.9989680051803589, 
                "error": 0.001457200991626064
            }, 
            "eta:[1.0,1.444]": {
                "value": 0.987500011920929, 
                "error": 0.0014716062043424506
            }, 
            "eta:[1.444,1.566]": {
                "value": 0.9731934666633606, 
                "error": 0.0025985682481113183
            }, 
            "eta:[1.566,2.0]": {
                "value": 0.987679660320282, 
                "error": 0.0014527103876457062
            }, 
            "eta:[2.0,2.5]": {
                "value": 0.9835560321807861, 
                "error": 0.00145795212615783
            }
        }, 
        "pt:[45.0,75.0]": {
            "eta:[-2.5,-2.0]": {
                "value": 0.987679660320282, 
                "error": 0.0014489893057101383
            }, 
            "eta:[-2.0,-1.566]": {
                "value": 0.9887640476226807, 
                "error": 0.0014438117022696222
            }, 
            "eta:[-1.566,-1.444]": {
                "value": 0.9676724076271057, 
                "error": 0.0032615369931723445
            }, 
            "eta:[-1.444,-1.0]": {
                "value": 0.9896907210350037, 
                "error": 0.0014594567207152683
            }, 
            "eta:[-1.0,-0.5]": {
                "value": 0.9897750616073608, 
                "error": 0.0014489893057101383
            }, 
            "eta:[-0.5,0.0]": {
                "value": 0.9897540807723999, 
                "error": 0.0014519646430935268
            }, 
            "eta:[0.0,0.5]": {
                "value": 0.9969135522842407, 
                "error": 0.0014519646430935268
            }, 
            "eta:[0.5,1.0]": {
                "value": 0.9979466199874878, 
                "error": 0.0014489893057101383
            }, 
            "eta:[1.0,1.444]": {
                "value": 0.9896694421768188, 
                "error": 0.0014594567207152683
            }, 
            "eta:[1.444,1.566]": {
                "value": 0.9803921580314636, 
                "error": 0.003468648015944122
            }, 
            "eta:[1.566,2.0]": {
                "value": 0.9908163547515869, 
                "error": 0.0014438117022696222
            }, 
            "eta:[2.0,2.5]": {
                "value": 0.987730085849762, 
                "error": 0.0014489893057101383
            }
        }, 
        "pt:[75.0,100.0]": {
            "eta:[-2.5,-2.0]": {
                "value": 1.0020555257797241, 
                "error": 0.011354661448966425
            }, 
            "eta:[-2.0,-1.566]": {
                "value": 1.0183672904968262, 
                "error": 0.010642514280235015
            }, 
            "eta:[-1.566,-1.444]": {
                "value": 1.043811559677124, 
                "error": 0.029542058684902787
            }, 
            "eta:[-1.444,-1.0]": {
                "value": 1.0081799030303955, 
                "error": 0.006876682657610835
            }, 
            "eta:[-1.0,-0.5]": {
                "value": 1.0081549882888794, 
                "error": 0.005267125224345505
            }, 
            "eta:[-0.5,0.0]": {
                "value": 1.0030549764633179, 
                "error": 0.004572736150306318
            }, 
            "eta:[0.0,0.5]": {
                "value": 1.021560549736023, 
                "error": 0.004572736150306318
            }, 
            "eta:[0.5,1.0]": {
                "value": 1.0194672346115112, 
                "error": 0.005032630455695507
            }, 
            "eta:[1.0,1.444]": {
                "value": 1.010277509689331, 
                "error": 0.006876682657610835
            }, 
            "eta:[1.444,1.566]": {
                "value": 1.0353319644927979, 
                "error": 0.028572333084913398
            }, 
            "eta:[1.566,2.0]": {
                "value": 1.010183334350586, 
                "error": 0.00967057388430697
            }, 
            "eta:[2.0,2.5]": {
                "value": 1.0071648359298706, 
                "error": 0.011247031897159646
            }
        }, 
        "pt:[100.0,500.0]": {
            "eta:[-2.5,-2.0]": {
                "value": 0.9836734533309937, 
                "error": 0.011943571337469006
            }, 
            "eta:[-2.0,-1.566]": {
                "value": 0.9979674816131592, 
                "error": 0.008682930635485296
            }, 
            "eta:[-1.566,-1.444]": {
                "value": 1.0366774797439575, 
                "error": 0.028479781623396084
            }, 
            "eta:[-1.444,-1.0]": {
                "value": 1.0071794986724854, 
                "error": 0.006880209161537815
            }, 
            "eta:[-1.0,-0.5]": {
                "value": 1.006103754043579, 
                "error": 0.004549477065106388
            }, 
            "eta:[-0.5,0.0]": {
                "value": 1.0030425786972046, 
                "error": 0.0045356348427987615
            }, 
            "eta:[0.0,0.5]": {
                "value": 1.0030425786972046, 
                "error": 0.0045356348427987615
            },